<?xml version="1.0" encoding="utf-8"?>
<employees>
    <employee id="CG-129">
        <firstname>Debarati</firstname>
        <lastname>Saha</lastname>
        <title>Engineer</title>
        <division>Materials</division>
        <building>327</building>
        <room>19</room>
    </employee>
    <employee id="CG-130">
        <firstname>Sudeshna</firstname>
        <lastname>Kumari</lastname>
        <title>Accountant</title>
        <division>Accts Payable</division>
        <building>326</building>
        <room>14</room>
    </employee>
    <employee id="CG-131">
        <firstname>Akash</firstname>
        <lastname>Kumar</lastname>
        <title>Engineering Manager</title>
        <division>Materials</division>
        <building>327</building>
        <room>21</room>
    </employee>
    <employee id="CG-132">
        <firstname>Aishwarya</firstname>
        <lastname>Roy</lastname>
        <title>Engineer</title>
        <division>Materials</division>
        <building>327</building>
        <room>22</room>
    </employee>
    <employee id="CG-133">
        <firstname>Sakuntala</firstname>
        <lastname>Kumari</lastname>
        <title>Engineer</title>
        <division>Materials</division>
        <building>327</building>
        <room>24</room>
    </employee>
    <employee id="CG-135">
        <firstname>Vikash</firstname>
        <lastname>kumar</lastname>
        <title>COO</title>
        <division>Management</division>
        <building>216</building>
        <room>26</room>
    </employee>
    <employee id="CG-136">
        <firstname>Suvam</firstname>
        <lastname>Basak</lastname>
        <title>Accountant</title>
        <division>Accts Payable</division>
        <building>326</building>
        <room>30</room>
    </employee>
    <employee id="CG-135">
        <firstname>Abhinav</firstname>
        <lastname>kumar</lastname>
        <title>COO</title>
        <division>Management</division>
        <building>216</building>
        <room>32</room>
    </employee>
    <employee id="CG-131">
        <firstname>Rocky</firstname>
        <lastname>Singh</lastname>
        <title>Engineering Manager</title>
        <division>Materials</division>
        <building>327</building>
        <room>21</room>
    </employee>

</employees>
